Sala,Equipe,Classe,Projetista,Pontuação,RankingClasse
1,Hidrossanitário,-,-,0,-
1,Hidrossanitário,-,-,0,-
1,Hidrossanitário,-,-,0,-
1,Hidrossanitário,-,-,0,-
1,Hidrossanitário,-,-,0,-
1,Hidrossanitário,-,-,0,-
2,Hidrossanitário,-,-,0,-
2,Hidrossanitário,-,-,0,-
2,Hidrossanitário,-,-,0,-
2,Hidrossanitário,-,-,0,-
2,Hidrossanitário,-,-,0,-
2,Hidrossanitário,-,-,0,-
3,Elétrica,-,-,0,-
3,Elétrica,-,-,0,-
3,Elétrica,-,-,0,-
3,Elétrica,-,-,0,-
3,Elétrica,-,-,0,-
3,Elétrica,-,-,0,-
4,Elétrica,-,-,0,-
4,Elétrica,-,-,0,-
4,Elétrica,-,-,0,-
4,Elétrica,-,-,0,-
4,Elétrica,-,-,0,-
4,Elétrica,-,-,0,-
